url,organizationName,type
@Seanpm2001,seanpm2001,mainAccount
@404-Day,404-Day,organization(ownedbyseanpm2001)
@9x-Internet,9x-Internet,organization(ownedbyseanpm2001)
@AGRAN-lang,AGRAN-lang,organization(ownedbyseanpm2001)
@AdBool,AdBool,organization(ownedbyseanpm2001)
@Advanced-Eye-Chart,Advanced-Eye-Chart,organization(ownedbyseanpm2001)
@AudiBass-Manager,AudiBass-Manager,organization(ownedbyseanpm2001)
@BGemJam-game,BGemJam-game,organization(ownedbyseanpm2001)
@Bitchecker-dev,Bitchecker-dev,organization(ownedbyseanpm2001)
@BluPhone,BluPhone,organization(ownedbyseanpm2001)
@Blue-Dentures,Blue-Dentures,organization(ownedbyseanpm2001)
@Boom-Bay,Boom-Bay,organization(ownedbyseanpm2001)
@Branch-Ranch,Branch-Ranch,organization(ownedbyseanpm2001)
@CH3-c-K,CH3-c-K,organization(ownedbyseanpm2001)
@CamCamPlus,CamCamPlus,organization(ownedbyseanpm2001)
@Candroid-dev,Candroid-dev,organization(ownedbyseanpm2001)
@ChromaTagsForGit,ChromaTagsForGit,organization(ownedbyseanpm2001)
@Code-distancing,Code-distancing,organization(ownedbyseanpm2001)
@Coloress-dev,Coloress-dev,organization(ownedbyseanpm2001)
@CompuBunker,CompuBunker,organization(ownedbyseanpm2001)
@CompuSmell,CompuSmell,organization(ownedbyseanpm2001)
@Compunker,Compunker,organization(ownedbyseanpm2001)
@Computing-longevity,Computing-longevity,organization(ownedbyseanpm2001)
@CottonTree,CottonTree,organization(ownedbyseanpm2001)
@CountMausoleum,CountMausoleum,organization(ownedbyseanpm2001)
@CrossCompatXU,CrossCompatXU,organization(ownedbyseanpm2001)
@Cyborg-System-Monitor,Cyborg-System-Monitor,organization(ownedbyseanpm2001)
@DMail-Client,DMail-Client,organization(ownedbyseanpm2001)
@DOS-Buddy,DOS-Buddy,organization(ownedbyseanpm2001)
@Degoogle-your-life,Degoogle-your-life,organization(ownedbyseanpm2001)
@DentalBar-Whitetooth-pro,DentalBar-Whitetooth-pro,organization(ownedbyseanpm2001)
@Doorcrete,Doorcrete,organization(ownedbyseanpm2001)
@Economica-dev,Economica-dev,organization(ownedbyseanpm2001)
@Egg-org,Egg-org,organization(ownedbyseanpm2001)
@Engineer-Superdesk,Engineer-Superdesk,organization(ownedbyseanpm2001)
@FBI-Roleplay-Simulator,FBI-Roleplay-Simulator,organization(ownedbyseanpm2001)
@FourThousandNinetySix,FourThousandNinetySix,organization(ownedbyseanpm2001)
@Frog-mania,Frog-mania,organization(ownedbyseanpm2001)
@GK-Keyboard,GK-Keyboard,organization(ownedbyseanpm2001)
@Gaslight-Galactica,Gaslight-Galactica,organization(ownedbyseanpm2001)
@GitHubby-development,GitHubby-development,organization(ownedbyseanpm2001)
@GitManager-dev,GitManager-dev,organization(ownedbyseanpm2001)
@Gitty-images,Gitty-images,organization(ownedbyseanpm2001)
@Go-ogle-engine,Go-ogle-engine,organization(ownedbyseanpm2001)
@Goodbye-world-program,Goodbye-world-program,organization(ownedbyseanpm2001)
@GratyBot,GratyBot,organization(ownedbyseanpm2001)
@GuineaMyrickILifeArchiveProject,GuineaMyrickILifeArchiveProject,organization(ownedbyseanpm2001)
@HT-Messenger,HT-Messenger,organization(ownedbyseanpm2001)
@HX-Template,HX-Template,organization(ownedbyseanpm2001)
@Hatium,Hatium,organization(ownedbyseanpm2001)
@HealthMeterMaximum,HealthMeterMaximum,organization(ownedbyseanpm2001)
@Hospital-defender,Hospital-defender,organization(ownedbyseanpm2001)
@Hyper-Realistic-Farm-Simulator,Hyper-Realistic-Farm-Simulator,organization(ownedbyseanpm2001)
@IGNORE-file,IGNORE-file,organization(ownedbyseanpm2001)
@Keyoff-dev,Keyoff-dev,organization(ownedbyseanpm2001)
@LinkLax-Dev,LinkLax-Dev,organization(ownedbyseanpm2001)
@Linux-Defender,Linux-Defender,organization(ownedbyseanpm2001)
@Linux-Marketshare-Ping-Tool,Linux-Marketshare-Ping-Tool,organization(ownedbyseanpm2001)
@MCPYE,MCPYE,organization(ownedbyseanpm2001)
@MadLibby,MadLibby,organization(ownedbyseanpm2001)
@MammalTown,MammalTown,organization(ownedbyseanpm2001)
@Matrix-lang,Matrix-lang,organization(ownedbyseanpm2001)
@Meme-machine-2019,Meme-machine-2019,organization(ownedbyseanpm2001)
@MicroMiniwave,MicroMiniwave,organization(ownedbyseanpm2001)
@Myrick-family-archive,Myrick-family-archive,organization(ownedbyseanpm2001)
@NUNIX-dev,NUNIX-dev,organization(ownedbyseanpm2001)
@NexxFetch,NexxFetch,organization(ownedbyseanpm2001)
@NimbleBit-Fan-Club,NimbleBit-Fan-Club,organization(ownedbyseanpm2001)
@NimbleBit-Games,NimbleBit-Games,organization(ownedbyseanpm2001)
@NimbleBit-Glossary,NimbleBit-Glossary,organization(ownedbyseanpm2001)
@Nost-Gia-OS,Nost-Gia-OS,organization(ownedbyseanpm2001)
@Nostalgia-project,Nostalgia-project,organization(ownedbyseanpm2001)
@Numeric-Liberation-Front,Numeric-Liberation-Front,organization(ownedbyseanpm2001)
@OVPVMO-Site,OVPVMO-Site,organization(ownedbyseanpm2001)
@OpenGovernment-dev,OpenGovernment-dev,organization(ownedbyseanpm2001)
@OpenTowers,OpenTowers,organization(ownedbyseanpm2001)
@PFOSS-Initiative,PFOSS-Initiative,organization(ownedbyseanpm2001)
@PVZ-Custom,PVZ-Custom,organization(ownedbyseanpm2001)
@PYVM-dev,PYVM-dev,organization(ownedbyseanpm2001)
@PasswordGeneratorUltimate,PasswordGeneratorUltimate,organization(ownedbyseanpm2001)
@Perl-harbor,Perl-harbor,organization(ownedbyseanpm2001)
@PhD-In-PHP,PhD-In-PHP,organization(ownedbyseanpm2001)
@PhoneHome-dev,PhoneHome-dev,organization(ownedbyseanpm2001)
@Pocket-Village,Pocket-Village,organization(ownedbyseanpm2001)
@Portal-Voice-Assistant,Portal-Voice-Assistant,organization(ownedbyseanpm2001)
@PrestigePreview,PrestigePreview,organization(ownedbyseanpm2001)
@Pri-Fiy,Pri-Fiy,organization(ownedbyseanpm2001)
@ProTraApp,ProTraApp,organization(ownedbyseanpm2001)
@Project1k1,Project1k1,organization(ownedbyseanpm2001)
@QMeadows-development,QMeadows-development,organization(ownedbyseanpm2001)
@README-Desktop-LIBrary,README-Desktop-LIBrary,organization(ownedbyseanpm2001)
@RailRam-TrainCollection,RailRam-TrainCollection,organization(ownedbyseanpm2001)
@Ratiyo,Ratiyo,organization(ownedbyseanpm2001)
@Reactop-computers,Reactop-computers,organization(ownedbyseanpm2001)
@RubbleRobot,RubbleRobot,organization(ownedbyseanpm2001)
@S-Desktop-Environment,S-Desktop-Environment,organization(ownedbyseanpm2001)
@SNU-0D,SNU-0D,organization(ownedbyseanpm2001)
@SNU-1D,SNU-1D,organization(ownedbyseanpm2001)
@SNU-2D,SNU-2D,organization(ownedbyseanpm2001)
@SNU-3D,SNU-3D,organization(ownedbyseanpm2001)
@SNU-3DPrinting,SNU-3DPrinting,organization(ownedbyseanpm2001)
@SNU-4D,SNU-4D,organization(ownedbyseanpm2001)
@SNU-About,SNU-About,organization(ownedbyseanpm2001)
@SNU-Accessibility,SNU-Accessibility,organization(ownedbyseanpm2001)
@SNU-Account,SNU-Account,organization(ownedbyseanpm2001)
@SNU-AccountSetup,SNU-AccountSetup,organization(ownedbyseanpm2001)
@SNU-Algorithm,SNU-Algorithm,organization(ownedbyseanpm2001)
@SNU-AmazonCompatibilityMode,SNU-AmazonCompatibilityMode,organization(ownedbyseanpm2001)
@SNU-AmishCenter,SNU-AmishCenter,organization(ownedbyseanpm2001)
@SNU-Ancestry,SNU-Ancestry,organization(ownedbyseanpm2001)
@SNU-App,SNU-App,organization(ownedbyseanpm2001)
@SNU-Beliefs,SNU-Beliefs,organization(ownedbyseanpm2001)
@SNU-Blogs,SNU-Blogs,organization(ownedbyseanpm2001)
@SNU-Books,SNU-Books,organization(ownedbyseanpm2001)
@SNU-BotCoach,SNU-BotCoach,organization(ownedbyseanpm2001)
@SNU-BrowserNose,SNU-BrowserNose,organization(ownedbyseanpm2001)
@SNU-Business,SNU-Business,organization(ownedbyseanpm2001)
@SNU-Cache,SNU-Cache,organization(ownedbyseanpm2001)
@SNU-CallCenter,SNU-CallCenter,organization(ownedbyseanpm2001)
@SNU-CallingCenter,SNU-CallingCenter,organization(ownedbyseanpm2001)
@SNU-CardStack,SNU-CardStack,organization(ownedbyseanpm2001)
@SNU-CharacterSupport,SNU-CharacterSupport,organization(ownedbyseanpm2001)
@SNU-Clock,SNU-Clock,organization(ownedbyseanpm2001)
@SNU-CloudDrive,SNU-CloudDrive,organization(ownedbyseanpm2001)
@SNU-CloudGaming,SNU-CloudGaming,organization(ownedbyseanpm2001)
@SNU-Committee,SNU-Committee,organization(ownedbyseanpm2001)
@SNU-Companies,SNU-Companies,organization(ownedbyseanpm2001)
@SNU-Copypasta-Kitchen,SNU-Copypasta-Kitchen,organization(ownedbyseanpm2001)
@SNU-CreateServer,SNU-CreateServer,organization(ownedbyseanpm2001)
@SNU-CursorSettings,SNU-CursorSettings,organization(ownedbyseanpm2001)
@SNU-DMailClient,SNU-DMailClient,organization(ownedbyseanpm2001)
@SNU-DOM,SNU-DOM,organization(ownedbyseanpm2001)
@SNU-Dashboard,SNU-Dashboard,organization(ownedbyseanpm2001)
@SNU-DataManagement,SNU-DataManagement,organization(ownedbyseanpm2001)
@SNU-DebugMode,SNU-DebugMode,organization(ownedbyseanpm2001)
@SNU-DeepSwap,SNU-DeepSwap,organization(ownedbyseanpm2001)
@SNU-DennisRitchieMemorial,SNU-DennisRitchieMemorial,organization(ownedbyseanpm2001)
@SNU-DeveloperLounge,SNU-DeveloperLounge,organization(ownedbyseanpm2001)
@SNU-DeviceManager,SNU-DeviceManager,organization(ownedbyseanpm2001)
@SNU-DialupExperience,SNU-DialupExperience,organization(ownedbyseanpm2001)
@SNU-DiggMode,SNU-DiggMode,organization(ownedbyseanpm2001)
@SNU-Dimensional-Porting-ToolKit,SNU-Dimensional-Porting-ToolKit,organization(ownedbyseanpm2001)
@SNU-DiseaseResearchCenter,SNU-DiseaseResearchCenter,organization(ownedbyseanpm2001)
@SNU-Documentation,SNU-Documentation,organization(ownedbyseanpm2001)
@SNU-DocumentationCenter,SNU-DocumentationCenter,organization(ownedbyseanpm2001)
@SNU-DownloadMoreRAM,SNU-DownloadMoreRAM,organization(ownedbyseanpm2001)
@SNU-EarthDay,SNU-EarthDay,organization(ownedbyseanpm2001)
@SNU-Editions,SNU-Editions,organization(ownedbyseanpm2001)
@SNU-Encryption,SNU-Encryption,organization(ownedbyseanpm2001)
@SNU-Encyclopedia,SNU-Encyclopedia,organization(ownedbyseanpm2001)
@SNU-EngineRoom,SNU-EngineRoom,organization(ownedbyseanpm2001)
@SNU-Erotica,SNU-Erotica,organization(ownedbyseanpm2001)
@SNU-EvidenceLocker,SNU-EvidenceLocker,organization(ownedbyseanpm2001)
@SNU-Extras,SNU-Extras,organization(ownedbyseanpm2001)
@SNU-FamilyTree,SNU-FamilyTree,organization(ownedbyseanpm2001)
@SNU-FileExtensionHelp,SNU-FileExtensionHelp,organization(ownedbyseanpm2001)
@SNU-FilmPlaza,SNU-FilmPlaza,organization(ownedbyseanpm2001)
@SNU-FontLIBrary,SNU-FontLIBrary,organization(ownedbyseanpm2001)
@SNU-FontMill,SNU-FontMill,organization(ownedbyseanpm2001)
@SNU-Fonts,SNU-Fonts,organization(ownedbyseanpm2001)
@SNU-Government,SNU-Government,organization(ownedbyseanpm2001)
@SNU-Health,SNU-Health,organization(ownedbyseanpm2001)
@SNU-HistoryManagement,SNU-HistoryManagement,organization(ownedbyseanpm2001)
@SNU-HttpsStatusCodeList,SNU-HttpsStatusCodeList,organization(ownedbyseanpm2001)
@SNU-IE-Engine,SNU-IE-Engine,organization(ownedbyseanpm2001)
@SNU-IdeaBoard,SNU-IdeaBoard,organization(ownedbyseanpm2001)
@SNU-Internet,SNU-Internet,organization(ownedbyseanpm2001)
@SNU-InternetFront,SNU-InternetFront,organization(ownedbyseanpm2001)
@SNU-InternetMuseum,SNU-InternetMuseum,organization(ownedbyseanpm2001)
@SNU-JavaScript-Math-Center,SNU-JavaScript-Math-Center,organization(ownedbyseanpm2001)
@SNU-Jobs,SNU-Jobs,organization(ownedbyseanpm2001)
@SNU-KenThompsonMemorial,SNU-KenThompsonMemorial,organization(ownedbyseanpm2001)
@SNU-Keyboard,SNU-Keyboard,organization(ownedbyseanpm2001)
@SNU-LeapDay,SNU-LeapDay,organization(ownedbyseanpm2001)
@SNU-LegalResourceCenter,SNU-LegalResourceCenter,organization(ownedbyseanpm2001)
@SNU-LegendsOfTheInternet,SNU-LegendsOfTheInternet,organization(ownedbyseanpm2001)
@SNU-LifeStories,SNU-LifeStories,organization(ownedbyseanpm2001)
@SNU-Lingual,SNU-Lingual,organization(ownedbyseanpm2001)
@SNU-LoopG,SNU-LoopG,organization(ownedbyseanpm2001)
@SNU-MalwareViru-RepoMode,SNU-MalwareViru-RepoMode,organization(ownedbyseanpm2001)
@SNU-MartinLutherKingJrMemorial,SNU-MartinLutherKingJrMemorial,organization(ownedbyseanpm2001)
@SNU-MascotCenter,SNU-MascotCenter,organization(ownedbyseanpm2001)
@SNU-MemeGen,SNU-MemeGen,organization(ownedbyseanpm2001)
@SNU-Memes,SNU-Memes,organization(ownedbyseanpm2001)
@SNU-Messenger,SNU-Messenger,organization(ownedbyseanpm2001)
@SNU-Metaverse,SNU-Metaverse,organization(ownedbyseanpm2001)
@SNU-Modes,SNU-Modes,organization(ownedbyseanpm2001)
@SNU-Museum,SNU-Museum,organization(ownedbyseanpm2001)
@SNU-NFT,SNU-NFT,organization(ownedbyseanpm2001)
@SNU-NewYears,SNU-NewYears,organization(ownedbyseanpm2001)
@SNU-News,SNU-News,organization(ownedbyseanpm2001)
@SNU-NitterMode,SNU-NitterMode,organization(ownedbyseanpm2001)
@SNU-OS-Killers,SNU-OS-Killers,organization(ownedbyseanpm2001)
@SNU-Organization,SNU-Organization,organization(ownedbyseanpm2001)
@SNU-OtherReferences,SNU-OtherReferences,organization(ownedbyseanpm2001)
@SNU-P2P,SNU-P2P,organization(ownedbyseanpm2001)
@SNU-P2PSection,SNU-P2PSection,organization(ownedbyseanpm2001)
@SNU-PFOSSExchange,SNU-PFOSSExchange,organization(ownedbyseanpm2001)
@SNU-Plans,SNU-Plans,organization(ownedbyseanpm2001)
@SNU-PlaybackSettings,SNU-PlaybackSettings,organization(ownedbyseanpm2001)
@SNU-PodcastTriPod,SNU-PodcastTriPod,organization(ownedbyseanpm2001)
@SNU-Policies,SNU-Policies,organization(ownedbyseanpm2001)
@SNU-Porn,SNU-Porn,organization(ownedbyseanpm2001)
@SNU-Privacy,SNU-Privacy,organization(ownedbyseanpm2001)
@SNU-PrivacyInitiative,SNU-PrivacyInitiative,organization(ownedbyseanpm2001)
@SNU-ProfileBuilder,SNU-ProfileBuilder,organization(ownedbyseanpm2001)
@SNU-Programming-Tools,SNU-Programming-Tools,organization(ownedbyseanpm2001)
@SNU-ProjectTimeline,SNU-ProjectTimeline,organization(ownedbyseanpm2001)
@SNU-ProtestToolKit,SNU-ProtestToolKit,organization(ownedbyseanpm2001)
@SNU-Public,SNU-Public,organization(ownedbyseanpm2001)
@SNU-PublicSnapshots,SNU-PublicSnapshots,organization(ownedbyseanpm2001)
@SNU-PunParlor,SNU-PunParlor,organization(ownedbyseanpm2001)
@SNU-PuzzleCenter,SNU-PuzzleCenter,organization(ownedbyseanpm2001)
@SNU-Questionarium,SNU-Questionarium,organization(ownedbyseanpm2001)
@SNU-RSS,SNU-RSS,organization(ownedbyseanpm2001)
@SNU-RulesOfTheInternet,SNU-RulesOfTheInternet,organization(ownedbyseanpm2001)
@SNU-Scripts,SNU-Scripts,organization(ownedbyseanpm2001)
@SNU-Search,SNU-Search,organization(ownedbyseanpm2001)
@SNU-Security,SNU-Security,organization(ownedbyseanpm2001)
@SNU-ServerEssentials,SNU-ServerEssentials,organization(ownedbyseanpm2001)
@SNU-SexEducation,SNU-SexEducation,organization(ownedbyseanpm2001)
@SNU-Shopping,SNU-Shopping,organization(ownedbyseanpm2001)
@SNU-SignIn,SNU-SignIn,organization(ownedbyseanpm2001)
@SNU-SiteLogo,SNU-SiteLogo,organization(ownedbyseanpm2001)
@SNU-SlangDictionary,SNU-SlangDictionary,organization(ownedbyseanpm2001)
@SNU-SmellProject,SNU-SmellProject,organization(ownedbyseanpm2001)
@SNU-SnapshotTool,SNU-SnapshotTool,organization(ownedbyseanpm2001)
@SNU-Software-Center,SNU-Software-Center,organization(ownedbyseanpm2001)
@SNU-SoundSettings,SNU-SoundSettings,organization(ownedbyseanpm2001)
@SNU-SpoofingCenter,SNU-SpoofingCenter,organization(ownedbyseanpm2001)
@SNU-Sports,SNU-Sports,organization(ownedbyseanpm2001)
@SNU-StartAScript,SNU-StartAScript,organization(ownedbyseanpm2001)
@SNU-StoryBubbleWand,SNU-StoryBubbleWand,organization(ownedbyseanpm2001)
@SNU-Streams,SNU-Streams,organization(ownedbyseanpm2001)
@SNU-SuicidePrevention,SNU-SuicidePrevention,organization(ownedbyseanpm2001)
@SNU-SuperSearch,SNU-SuperSearch,organization(ownedbyseanpm2001)
@SNU-System,SNU-System,organization(ownedbyseanpm2001)
@SNU-TOS,SNU-TOS,organization(ownedbyseanpm2001)
@SNU-TV,SNU-TV,organization(ownedbyseanpm2001)
@SNU-TableTopGameHouse,SNU-TableTopGameHouse,organization(ownedbyseanpm2001)
@SNU-Terminal,SNU-Terminal,organization(ownedbyseanpm2001)
@SNU-TerrorBay,SNU-TerrorBay,organization(ownedbyseanpm2001)
@SNU-Test-References,SNU-Test-References,organization(ownedbyseanpm2001)
@SNU-TextEngine,SNU-TextEngine,organization(ownedbyseanpm2001)
@SNU-Textures,SNU-Textures,organization(ownedbyseanpm2001)
@SNU-Themes,SNU-Themes,organization(ownedbyseanpm2001)
@SNU-TimeMachine,SNU-TimeMachine,organization(ownedbyseanpm2001)
@SNU-ToBeImplemented,SNU-ToBeImplemented,organization(ownedbyseanpm2001)
@SNU-Torrent,SNU-Torrent,organization(ownedbyseanpm2001)
@SNU-Translate,SNU-Translate,organization(ownedbyseanpm2001)
@SNU-TwitterMode,SNU-TwitterMode,organization(ownedbyseanpm2001)
@SNU-TypographyDocs,SNU-TypographyDocs,organization(ownedbyseanpm2001)
@SNU-UserFilters,SNU-UserFilters,organization(ownedbyseanpm2001)
@SNU-Users,SNU-Users,organization(ownedbyseanpm2001)
@SNU-VDictionary,SNU-VDictionary,organization(ownedbyseanpm2001)
@SNU-VMCenter,SNU-VMCenter,organization(ownedbyseanpm2001)
@SNU-VR,SNU-VR,organization(ownedbyseanpm2001)
@SNU-Valentines,SNU-Valentines,organization(ownedbyseanpm2001)
@SNU-VersionHistory,SNU-VersionHistory,organization(ownedbyseanpm2001)
@SNU-Vexillology,SNU-Vexillology,organization(ownedbyseanpm2001)
@SNU-Video,SNU-Video,organization(ownedbyseanpm2001)
@SNU-VideoTheater,SNU-VideoTheater,organization(ownedbyseanpm2001)
@SNU-VoicesVoIP,SNU-VoicesVoIP,organization(ownedbyseanpm2001)
@SNU-WLinkWBotW,SNU-WLinkWBotW,organization(ownedbyseanpm2001)
@SNU-WWW30,SNU-WWW30,organization(ownedbyseanpm2001)
@SNU-WeatherVane,SNU-WeatherVane,organization(ownedbyseanpm2001)
@SNU-WebVTT,SNU-WebVTT,organization(ownedbyseanpm2001)
@SNU-Wiki,SNU-Wiki,organization(ownedbyseanpm2001)
@SNU-WorkInProgress,SNU-WorkInProgress,organization(ownedbyseanpm2001)
@SNU-YouTubeMode,SNU-YouTubeMode,organization(ownedbyseanpm2001)
@SNU-YourSpace,SNU-YourSpace,organization(ownedbyseanpm2001)
@SNU-ZalgoProject,SNU-ZalgoProject,organization(ownedbyseanpm2001)
@SNU-eGret,SNU-eGret,organization(ownedbyseanpm2001)
@SNU-eSchool,SNU-eSchool,organization(ownedbyseanpm2001)
@SNUNews-dev,SNUNews-dev,organization(ownedbyseanpm2001)
@SVG-video,SVG-video,organization(ownedbyseanpm2001)
@SWave-Starter,SWave-Starter,organization(ownedbyseanpm2001)
@SafeT-dev,SafeT-dev,organization(ownedbyseanpm2001)
@ScriptKidd-toolkit,ScriptKidd-toolkit,organization(ownedbyseanpm2001)
@Seanpm2001-ABC-lang,Seanpm2001-ABC-lang,organization(ownedbyseanpm2001)
@Seanpm2001-ALGOL-Lang,Seanpm2001-ALGOL-Lang,organization(ownedbyseanpm2001)
@Seanpm2001-ASP-DOT-NET-lang,Seanpm2001-ASP-DOT-NET-lang,organization(ownedbyseanpm2001)
@Seanpm2001-AWK-Lang,Seanpm2001-AWK-Lang,organization(ownedbyseanpm2001)
@Seanpm2001-ActionScript-lang,Seanpm2001-ActionScript-lang,organization(ownedbyseanpm2001)
@Seanpm2001-ActionServerPages-lang,Seanpm2001-ActionServerPages-lang,organization(ownedbyseanpm2001)
@Seanpm2001-Ada-lang,Seanpm2001-Ada-lang,organization(ownedbyseanpm2001)
@Seanpm2001-Adobe,Seanpm2001-Adobe,organization(ownedbyseanpm2001)
@Seanpm2001-AirBnB,Seanpm2001-AirBnB,organization(ownedbyseanpm2001)
@Seanpm2001-Android,Seanpm2001-Android,organization(ownedbyseanpm2001)
@Seanpm2001-Anime,Seanpm2001-Anime,organization(ownedbyseanpm2001)
@Seanpm2001-Apache,Seanpm2001-Apache,organization(ownedbyseanpm2001)
@Seanpm2001-Apache-License,Seanpm2001-Apache-License,organization(ownedbyseanpm2001)
@Seanpm2001-Apple,Seanpm2001-Apple,organization(ownedbyseanpm2001)
@Seanpm2001-AppleScript-lang,Seanpm2001-AppleScript-lang,organization(ownedbyseanpm2001)
@Seanpm2001-Appliances,Seanpm2001-Appliances,organization(ownedbyseanpm2001)
@Seanpm2001-Applications,Seanpm2001-Applications,organization(ownedbyseanpm2001)
@Seanpm2001-Apps,Seanpm2001-Apps,organization(ownedbyseanpm2001)
@Seanpm2001-Assembly-lang,Seanpm2001-Assembly-lang,organization(ownedbyseanpm2001)
@Seanpm2001-B-lang,Seanpm2001-B-lang,organization(ownedbyseanpm2001)
@Seanpm2001-BASIC-lang,Seanpm2001-BASIC-lang,organization(ownedbyseanpm2001)
@Seanpm2001-BSD,Seanpm2001-BSD,organization(ownedbyseanpm2001)
@Seanpm2001-Batchfile-lang,Seanpm2001-Batchfile-lang,organization(ownedbyseanpm2001)
@Seanpm2001-BeelineInteractive,Seanpm2001-BeelineInteractive,organization(ownedbyseanpm2001)
@Seanpm2001-BiBTeX-lang,Seanpm2001-BiBTeX-lang,organization(ownedbyseanpm2001)
@Seanpm2001-Biology,Seanpm2001-Biology,organization(ownedbyseanpm2001)
@Seanpm2001-Blocklist,Seanpm2001-Blocklist,organization(ownedbyseanpm2001)
@Seanpm2001-Blockly-lang,Seanpm2001-Blockly-lang,organization(ownedbyseanpm2001)
@Seanpm2001-BlueTooth,Seanpm2001-BlueTooth,organization(ownedbyseanpm2001)
@Seanpm2001-Boo-lang,Seanpm2001-Boo-lang,organization(ownedbyseanpm2001)
@Seanpm2001-Books,Seanpm2001-Books,organization(ownedbyseanpm2001)
@Seanpm2001-Botany,Seanpm2001-Botany,organization(ownedbyseanpm2001)
@Seanpm2001-Bots,Seanpm2001-Bots,organization(ownedbyseanpm2001)
@Seanpm2001-BrightScript-lang,Seanpm2001-BrightScript-lang,organization(ownedbyseanpm2001)
@Seanpm2001-BrowserExtensions,Seanpm2001-BrowserExtensions,organization(ownedbyseanpm2001)
@Seanpm2001-Browsers,Seanpm2001-Browsers,organization(ownedbyseanpm2001)
@Seanpm2001-C-lang,Seanpm2001-C-lang,organization(ownedbyseanpm2001)
@Seanpm2001-CAML-lang,Seanpm2001-CAML-lang,organization(ownedbyseanpm2001)
@Seanpm2001-CLI,Seanpm2001-CLI,organization(ownedbyseanpm2001)
@Seanpm2001-CMake-lang,Seanpm2001-CMake-lang,organization(ownedbyseanpm2001)
@Seanpm2001-COBOL-Lang,Seanpm2001-COBOL-Lang,organization(ownedbyseanpm2001)
@Seanpm2001-COVID-19,Seanpm2001-COVID-19,organization(ownedbyseanpm2001)
@Seanpm2001-CPP-Lang,Seanpm2001-CPP-Lang,organization(ownedbyseanpm2001)
@Seanpm2001-CS-Class,Seanpm2001-CS-Class,organization(ownedbyseanpm2001)
@Seanpm2001-CSS-Lang,Seanpm2001-CSS-Lang,organization(ownedbyseanpm2001)
@Seanpm2001-CSV-lang,Seanpm2001-CSV-lang,organization(ownedbyseanpm2001)
@Seanpm2001-CSharp-lang,Seanpm2001-CSharp-lang,organization(ownedbyseanpm2001)
@Seanpm2001-CSound-lang,Seanpm2001-CSound-lang,organization(ownedbyseanpm2001)
@Seanpm2001-Census,Seanpm2001-Census,organization(ownedbyseanpm2001)
@Seanpm2001-Clojure-lang,Seanpm2001-Clojure-lang,organization(ownedbyseanpm2001)
@Seanpm2001-CoffeeScript-lang,Seanpm2001-CoffeeScript-lang,organization(ownedbyseanpm2001)
@Seanpm2001-CommonLisp-lang,Seanpm2001-CommonLisp-lang,organization(ownedbyseanpm2001)
@Seanpm2001-Concepts,Seanpm2001-Concepts,organization(ownedbyseanpm2001)
@Seanpm2001-Crystal-lang,Seanpm2001-Crystal-lang,organization(ownedbyseanpm2001)
@Seanpm2001-Currency,Seanpm2001-Currency,organization(ownedbyseanpm2001)
@Seanpm2001-D-lang,Seanpm2001-D-lang,organization(ownedbyseanpm2001)
@Seanpm2001-DDG,Seanpm2001-DDG,organization(ownedbyseanpm2001)
@Seanpm2001-Daily-Desktop-Screenshots,Seanpm2001-Daily-Desktop-Screenshots,organization(ownedbyseanpm2001)
@Seanpm2001-Dart-lang,Seanpm2001-Dart-lang,organization(ownedbyseanpm2001)
@Seanpm2001-Data,Seanpm2001-Data,organization(ownedbyseanpm2001)
@Seanpm2001-Diff-lang,Seanpm2001-Diff-lang,organization(ownedbyseanpm2001)
@Seanpm2001-Discord,Seanpm2001-Discord,organization(ownedbyseanpm2001)
@Seanpm2001-Disney,Seanpm2001-Disney,organization(ownedbyseanpm2001)
@Seanpm2001-Dockerfile-lang,Seanpm2001-Dockerfile-lang,organization(ownedbyseanpm2001)
@Seanpm2001-Documentation,Seanpm2001-Documentation,organization(ownedbyseanpm2001)
@Seanpm2001-Dronemap,Seanpm2001-Dronemap,organization(ownedbyseanpm2001)
@Seanpm2001-DuckDuckGo,Seanpm2001-DuckDuckGo,organization(ownedbyseanpm2001)
@Seanpm2001-EAGames,Seanpm2001-EAGames,organization(ownedbyseanpm2001)
@Seanpm2001-EJS-lang,Seanpm2001-EJS-lang,organization(ownedbyseanpm2001)
@Seanpm2001-Ecosia,Seanpm2001-Ecosia,organization(ownedbyseanpm2001)
@Seanpm2001-Edhesive,Seanpm2001-Edhesive,organization(ownedbyseanpm2001)
@Seanpm2001-Eiffel-lang,Seanpm2001-Eiffel-lang,organization(ownedbyseanpm2001)
@Seanpm2001-Elixir-lang,Seanpm2001-Elixir-lang,organization(ownedbyseanpm2001)
@Seanpm2001-EmacsLisp-lang,Seanpm2001-EmacsLisp-lang,organization(ownedbyseanpm2001)
@Seanpm2001-Emulators,Seanpm2001-Emulators,organization(ownedbyseanpm2001)
@Seanpm2001-Erlang-lang,Seanpm2001-Erlang-lang,organization(ownedbyseanpm2001)
@Seanpm2001-FORTRAN-Lang,Seanpm2001-FORTRAN-Lang,organization(ownedbyseanpm2001)
@Seanpm2001-FSharp-lang,Seanpm2001-FSharp-lang,organization(ownedbyseanpm2001)
@Seanpm2001-FanGames,Seanpm2001-FanGames,organization(ownedbyseanpm2001)
@Seanpm2001-Firefox,Seanpm2001-Firefox,organization(ownedbyseanpm2001)
@Seanpm2001-Food-Index,Seanpm2001-Food-Index,organization(ownedbyseanpm2001)
@Seanpm2001-Forks,Seanpm2001-Forks,organization(ownedbyseanpm2001)
@Seanpm2001-Forth-lang,Seanpm2001-Forth-lang,organization(ownedbyseanpm2001)
@Seanpm2001-FreeMarker-lang,Seanpm2001-FreeMarker-lang,organization(ownedbyseanpm2001)
@Seanpm2001-GDScript-lang,Seanpm2001-GDScript-lang,organization(ownedbyseanpm2001)
@Seanpm2001-GLSL-Lang,Seanpm2001-GLSL-Lang,organization(ownedbyseanpm2001)
@Seanpm2001-GNU,Seanpm2001-GNU,organization(ownedbyseanpm2001)
@Seanpm2001-GPL,Seanpm2001-GPL,organization(ownedbyseanpm2001)
@Seanpm2001-GUI,Seanpm2001-GUI,organization(ownedbyseanpm2001)
@Seanpm2001-Genie-lang,Seanpm2001-Genie-lang,organization(ownedbyseanpm2001)
@Seanpm2001-Gherkin-lang,Seanpm2001-Gherkin-lang,organization(ownedbyseanpm2001)
@Seanpm2001-Gists,Seanpm2001-Gists,organization(ownedbyseanpm2001)
@Seanpm2001-GitHub,Seanpm2001-GitHub,organization(ownedbyseanpm2001)
@Seanpm2001-GitHub-Pages-Collection,Seanpm2001-GitHub-Pages-Collection,organization(ownedbyseanpm2001)
@Seanpm2001-Glu,Seanpm2001-Glu,organization(ownedbyseanpm2001)
@Seanpm2001-Go-lang,Seanpm2001-Go-lang,organization(ownedbyseanpm2001)
@Seanpm2001-Godzilab,Seanpm2001-Godzilab,organization(ownedbyseanpm2001)
@Seanpm2001-Google,Seanpm2001-Google,organization(ownedbyseanpm2001)
@Seanpm2001-GoogleGo-lang,Seanpm2001-GoogleGo-lang,organization(ownedbyseanpm2001)
@Seanpm2001-GraphicDesign,Seanpm2001-GraphicDesign,organization(ownedbyseanpm2001)
@Seanpm2001-HTML5-Lang,Seanpm2001-HTML5-Lang,organization(ownedbyseanpm2001)
@Seanpm2001-Hack-lang,Seanpm2001-Hack-lang,organization(ownedbyseanpm2001)
@Seanpm2001-HalfBrick-games,Seanpm2001-HalfBrick-games,organization(ownedbyseanpm2001)
@Seanpm2001-Handlebars-lang,Seanpm2001-Handlebars-lang,organization(ownedbyseanpm2001)
@Seanpm2001-Hardware,Seanpm2001-Hardware,organization(ownedbyseanpm2001)
@Seanpm2001-Haskell-lang,Seanpm2001-Haskell-lang,organization(ownedbyseanpm2001)
@Seanpm2001-Health,Seanpm2001-Health,organization(ownedbyseanpm2001)
@Seanpm2001-Holiday,Seanpm2001-Holiday,organization(ownedbyseanpm2001)
@Seanpm2001-Holidays,Seanpm2001-Holidays,organization(ownedbyseanpm2001)
@Seanpm2001-HyperHippo,Seanpm2001-HyperHippo,organization(ownedbyseanpm2001)
@Seanpm2001-Idris-lang,Seanpm2001-Idris-lang,organization(ownedbyseanpm2001)
@Seanpm2001-ImageJ-lang,Seanpm2001-ImageJ-lang,organization(ownedbyseanpm2001)
@Seanpm2001-Inform-lang,Seanpm2001-Inform-lang,organization(ownedbyseanpm2001)
@Seanpm2001-Inno-setup-lang,Seanpm2001-Inno-setup-lang,organization(ownedbyseanpm2001)
@Seanpm2001-IntelHexBinary-lang,Seanpm2001-IntelHexBinary-lang,organization(ownedbyseanpm2001)
@Seanpm2001-IronPython-lang,Seanpm2001-IronPython-lang,organization(ownedbyseanpm2001)
@Seanpm2001-Isabelle-lang,Seanpm2001-Isabelle-lang,organization(ownedbyseanpm2001)
@Seanpm2001-J-lang,Seanpm2001-J-lang,organization(ownedbyseanpm2001)
@Seanpm2001-JSSS-lang,Seanpm2001-JSSS-lang,organization(ownedbyseanpm2001)
@Seanpm2001-JScript-Dot-Net-lang,Seanpm2001-JScript-Dot-Net-lang,organization(ownedbyseanpm2001)
@Seanpm2001-JScript-lang,Seanpm2001-JScript-lang,organization(ownedbyseanpm2001)
@Seanpm2001-Jade-lang,Seanpm2001-Jade-lang,organization(ownedbyseanpm2001)
@Seanpm2001-Java-lang,Seanpm2001-Java-lang,organization(ownedbyseanpm2001)
@Seanpm2001-JavaScript-lang,Seanpm2001-JavaScript-lang,organization(ownedbyseanpm2001)
@Seanpm2001-JokePrograms,Seanpm2001-JokePrograms,organization(ownedbyseanpm2001)
@Seanpm2001-Julia-lang,Seanpm2001-Julia-lang,organization(ownedbyseanpm2001)
@Seanpm2001-JupyterNotebook-lang,Seanpm2001-JupyterNotebook-lang,organization(ownedbyseanpm2001)
@Seanpm2001-Jython-lang,Seanpm2001-Jython-lang,organization(ownedbyseanpm2001)
@Seanpm2001-KDE,Seanpm2001-KDE,organization(ownedbyseanpm2001)
@Seanpm2001-KhanAcademy,Seanpm2001-KhanAcademy,organization(ownedbyseanpm2001)
@Seanpm2001-KiXtart-lang,Seanpm2001-KiXtart-lang,organization(ownedbyseanpm2001)
@Seanpm2001-KolibriGames,Seanpm2001-KolibriGames,organization(ownedbyseanpm2001)
@Seanpm2001-Kotlin-lang,Seanpm2001-Kotlin-lang,organization(ownedbyseanpm2001)
@Seanpm2001-Less-lang,Seanpm2001-Less-lang,organization(ownedbyseanpm2001)
@Seanpm2001-Limbo-lang,Seanpm2001-Limbo-lang,organization(ownedbyseanpm2001)
@Seanpm2001-Linux,Seanpm2001-Linux,organization(ownedbyseanpm2001)
@Seanpm2001-Liquid-lang,Seanpm2001-Liquid-lang,organization(ownedbyseanpm2001)
@Seanpm2001-Lisp-lang,Seanpm2001-Lisp-lang,organization(ownedbyseanpm2001)
@Seanpm2001-LispFlavoredErlang-Lang,Seanpm2001-LispFlavoredErlang-Lang,organization(ownedbyseanpm2001)
@Seanpm2001-LogTalk-lang,Seanpm2001-LogTalk-lang,organization(ownedbyseanpm2001)
@Seanpm2001-Lua-lang,Seanpm2001-Lua-lang,organization(ownedbyseanpm2001)
@Seanpm2001-M4-Lang,Seanpm2001-M4-Lang,organization(ownedbyseanpm2001)
@Seanpm2001-MIT,Seanpm2001-MIT,organization(ownedbyseanpm2001)
@Seanpm2001-MIT-License,Seanpm2001-MIT-License,organization(ownedbyseanpm2001)
@Seanpm2001-MS-DOS-Style-lang,Seanpm2001-MS-DOS-Style-lang,organization(ownedbyseanpm2001)
@Seanpm2001-MacOS,Seanpm2001-MacOS,organization(ownedbyseanpm2001)
@Seanpm2001-Maintenance,Seanpm2001-Maintenance,organization(ownedbyseanpm2001)
@Seanpm2001-Makefile-lang,Seanpm2001-Makefile-lang,organization(ownedbyseanpm2001)
@Seanpm2001-Malware,Seanpm2001-Malware,organization(ownedbyseanpm2001)
@Seanpm2001-MarineBiology,Seanpm2001-MarineBiology,organization(ownedbyseanpm2001)
@Seanpm2001-Markdown-lang,Seanpm2001-Markdown-lang,organization(ownedbyseanpm2001)
@Seanpm2001-Mathematica-lang,Seanpm2001-Mathematica-lang,organization(ownedbyseanpm2001)
@Seanpm2001-Mathematics,Seanpm2001-Mathematics,organization(ownedbyseanpm2001)
@Seanpm2001-MediaWiki-lang,Seanpm2001-MediaWiki-lang,organization(ownedbyseanpm2001)
@Seanpm2001-Metric-System,Seanpm2001-Metric-System,organization(ownedbyseanpm2001)
@Seanpm2001-Microsoft,Seanpm2001-Microsoft,organization(ownedbyseanpm2001)
@Seanpm2001-Minecraft,Seanpm2001-Minecraft,organization(ownedbyseanpm2001)
@Seanpm2001-MinecraftPE,Seanpm2001-MinecraftPE,organization(ownedbyseanpm2001)
@Seanpm2001-Modelica-lang,Seanpm2001-Modelica-lang,organization(ownedbyseanpm2001)
@Seanpm2001-Modula-2-lang,Seanpm2001-Modula-2-lang,organization(ownedbyseanpm2001)
@Seanpm2001-Modula-3-lang,Seanpm2001-Modula-3-lang,organization(ownedbyseanpm2001)
@Seanpm2001-Mojang,Seanpm2001-Mojang,organization(ownedbyseanpm2001)
@Seanpm2001-MostDeveloped,Seanpm2001-MostDeveloped,organization(ownedbyseanpm2001)
@Seanpm2001-Motorola-S-Record-lang,Seanpm2001-Motorola-S-Record-lang,organization(ownedbyseanpm2001)
@Seanpm2001-Mozilla,Seanpm2001-Mozilla,organization(ownedbyseanpm2001)
@Seanpm2001-Museum,Seanpm2001-Museum,organization(ownedbyseanpm2001)
@Seanpm2001-NGMoco,Seanpm2001-NGMoco,organization(ownedbyseanpm2001)
@Seanpm2001-NSFW,Seanpm2001-NSFW,organization(ownedbyseanpm2001)
@Seanpm2001-NVidia-CUDA-lang,Seanpm2001-NVidia-CUDA-lang,organization(ownedbyseanpm2001)
@Seanpm2001-NewYearsTag,Seanpm2001-NewYearsTag,organization(ownedbyseanpm2001)
@Seanpm2001-Nim-lang,Seanpm2001-Nim-lang,organization(ownedbyseanpm2001)
@Seanpm2001-Nintendo,Seanpm2001-Nintendo,organization(ownedbyseanpm2001)
@Seanpm2001-Nix-lang,Seanpm2001-Nix-lang,organization(ownedbyseanpm2001)
@Seanpm2001-Nunjucks-lang,Seanpm2001-Nunjucks-lang,organization(ownedbyseanpm2001)
@Seanpm2001-OCaml-Lang,Seanpm2001-OCaml-Lang,organization(ownedbyseanpm2001)
@Seanpm2001-Oberon-lang,Seanpm2001-Oberon-lang,organization(ownedbyseanpm2001)
@Seanpm2001-Objective-C-Lang,Seanpm2001-Objective-C-Lang,organization(ownedbyseanpm2001)
@Seanpm2001-Objective-J-Lang,Seanpm2001-Objective-J-Lang,organization(ownedbyseanpm2001)
@Seanpm2001-Operating-Systems,Seanpm2001-Operating-Systems,organization(ownedbyseanpm2001)
@Seanpm2001-Organization,Seanpm2001-Organization,organization(ownedbyseanpm2001)
@Seanpm2001-Ornithology,Seanpm2001-Ornithology,organization(ownedbyseanpm2001)
@Seanpm2001-PHP-lang,Seanpm2001-PHP-lang,organization(ownedbyseanpm2001)
@Seanpm2001-Pascal-lang,Seanpm2001-Pascal-lang,organization(ownedbyseanpm2001)
@Seanpm2001-Perl-lang,Seanpm2001-Perl-lang,organization(ownedbyseanpm2001)
@Seanpm2001-PersonalKiosk,Seanpm2001-PersonalKiosk,organization(ownedbyseanpm2001)
@Seanpm2001-Pharmacy,Seanpm2001-Pharmacy,organization(ownedbyseanpm2001)
@Seanpm2001-Piglatin-lang,Seanpm2001-Piglatin-lang,organization(ownedbyseanpm2001)
@Seanpm2001-PocketGems,Seanpm2001-PocketGems,organization(ownedbyseanpm2001)
@Seanpm2001-Politics,Seanpm2001-Politics,organization(ownedbyseanpm2001)
@Seanpm2001-Portals,Seanpm2001-Portals,organization(ownedbyseanpm2001)
@Seanpm2001-PostScript-lang,Seanpm2001-PostScript-lang,organization(ownedbyseanpm2001)
@Seanpm2001-PowerShell-lang,Seanpm2001-PowerShell-lang,organization(ownedbyseanpm2001)
@Seanpm2001-Prolog-lang,Seanpm2001-Prolog-lang,organization(ownedbyseanpm2001)
@Seanpm2001-Pug-lang,Seanpm2001-Pug-lang,organization(ownedbyseanpm2001)
@Seanpm2001-PureScript-lang,Seanpm2001-PureScript-lang,organization(ownedbyseanpm2001)
@Seanpm2001-Python,Seanpm2001-Python,organization(ownedbyseanpm2001)
@Seanpm2001-QML-lang,Seanpm2001-QML-lang,organization(ownedbyseanpm2001)
@Seanpm2001-QSharp-lang,Seanpm2001-QSharp-lang,organization(ownedbyseanpm2001)
@Seanpm2001-REBOL-Lang,Seanpm2001-REBOL-Lang,organization(ownedbyseanpm2001)
@Seanpm2001-Racket-lang,Seanpm2001-Racket-lang,organization(ownedbyseanpm2001)
@Seanpm2001-Raku-lang,Seanpm2001-Raku-lang,organization(ownedbyseanpm2001)
@Seanpm2001-RaspberryPi,Seanpm2001-RaspberryPi,organization(ownedbyseanpm2001)
@Seanpm2001-ReStructuredText-lang,Seanpm2001-ReStructuredText-lang,organization(ownedbyseanpm2001)
@Seanpm2001-RichTextFormat-lang,Seanpm2001-RichTextFormat-lang,organization(ownedbyseanpm2001)
@Seanpm2001-Robotics,Seanpm2001-Robotics,organization(ownedbyseanpm2001)
@Seanpm2001-Rovio,Seanpm2001-Rovio,organization(ownedbyseanpm2001)
@Seanpm2001-Ruby-lang,Seanpm2001-Ruby-lang,organization(ownedbyseanpm2001)
@Seanpm2001-Rust-lang,Seanpm2001-Rust-lang,organization(ownedbyseanpm2001)
@Seanpm2001-SCSS-lang,Seanpm2001-SCSS-lang,organization(ownedbyseanpm2001)
@Seanpm2001-SEGA,Seanpm2001-SEGA,organization(ownedbyseanpm2001)
@Seanpm2001-SGML-lang,Seanpm2001-SGML-lang,organization(ownedbyseanpm2001)
@Seanpm2001-SQL-Lang,Seanpm2001-SQL-Lang,organization(ownedbyseanpm2001)
@Seanpm2001-SUPERCELL,Seanpm2001-SUPERCELL,organization(ownedbyseanpm2001)
@Seanpm2001-SXML-lang,Seanpm2001-SXML-lang,organization(ownedbyseanpm2001)
@Seanpm2001-Samsung,Seanpm2001-Samsung,organization(ownedbyseanpm2001)
@Seanpm2001-Sass-lang,Seanpm2001-Sass-lang,organization(ownedbyseanpm2001)
@Seanpm2001-Scala-lang,Seanpm2001-Scala-lang,organization(ownedbyseanpm2001)
@Seanpm2001-Scheme-lang,Seanpm2001-Scheme-lang,organization(ownedbyseanpm2001)
@Seanpm2001-Scratch,Seanpm2001-Scratch,organization(ownedbyseanpm2001)
@Seanpm2001-Scratch-lang,Seanpm2001-Scratch-lang,organization(ownedbyseanpm2001)
@Seanpm2001-Scripts,Seanpm2001-Scripts,organization(ownedbyseanpm2001)
@Seanpm2001-SearchEngines,Seanpm2001-SearchEngines,organization(ownedbyseanpm2001)
@Seanpm2001-Security,Seanpm2001-Security,organization(ownedbyseanpm2001)
@Seanpm2001-Seed7-lang,Seanpm2001-Seed7-lang,organization(ownedbyseanpm2001)
@Seanpm2001-Server,Seanpm2001-Server,organization(ownedbyseanpm2001)
@Seanpm2001-Services,Seanpm2001-Services,organization(ownedbyseanpm2001)
@Seanpm2001-Shell-lang,Seanpm2001-Shell-lang,organization(ownedbyseanpm2001)
@Seanpm2001-Smalltalk-lang,Seanpm2001-Smalltalk-lang,organization(ownedbyseanpm2001)
@Seanpm2001-Snapcraft,Seanpm2001-Snapcraft,organization(ownedbyseanpm2001)
@Seanpm2001-Social,Seanpm2001-Social,organization(ownedbyseanpm2001)
@Seanpm2001-Starlark-lang,Seanpm2001-Starlark-lang,organization(ownedbyseanpm2001)
@Seanpm2001-Storm8,Seanpm2001-Storm8,organization(ownedbyseanpm2001)
@Seanpm2001-Stylus-lang,Seanpm2001-Stylus-lang,organization(ownedbyseanpm2001)
@Seanpm2001-SuperCollider-lang,Seanpm2001-SuperCollider-lang,organization(ownedbyseanpm2001)
@Seanpm2001-Swift-lang,Seanpm2001-Swift-lang,organization(ownedbyseanpm2001)
@Seanpm2001-SystemVerilog-lang,Seanpm2001-SystemVerilog-lang,organization(ownedbyseanpm2001)
@Seanpm2001-TCL-lang,Seanpm2001-TCL-lang,organization(ownedbyseanpm2001)
@Seanpm2001-TOML-lang,Seanpm2001-TOML-lang,organization(ownedbyseanpm2001)
@Seanpm2001-TeX-lang,Seanpm2001-TeX-lang,organization(ownedbyseanpm2001)
@Seanpm2001-TeamFortress2,Seanpm2001-TeamFortress2,organization(ownedbyseanpm2001)
@Seanpm2001-Testing,Seanpm2001-Testing,organization(ownedbyseanpm2001)
@Seanpm2001-Tools,Seanpm2001-Tools,organization(ownedbyseanpm2001)
@Seanpm2001-Twig-language,Seanpm2001-Twig-language,organization(ownedbyseanpm2001)
@Seanpm2001-Twitter,Seanpm2001-Twitter,organization(ownedbyseanpm2001)
@Seanpm2001-TypeScript-lang,Seanpm2001-TypeScript-lang,organization(ownedbyseanpm2001)
@Seanpm2001-Ubisoft,Seanpm2001-Ubisoft,organization(ownedbyseanpm2001)
@Seanpm2001-Ubuntu,Seanpm2001-Ubuntu,organization(ownedbyseanpm2001)
@Seanpm2001-UnrealScript-lang,Seanpm2001-UnrealScript-lang,organization(ownedbyseanpm2001)
@Seanpm2001-VHDL-lang,Seanpm2001-VHDL-lang,organization(ownedbyseanpm2001)
@Seanpm2001-VSmell-lang,Seanpm2001-VSmell-lang,organization(ownedbyseanpm2001)
@Seanpm2001-Vala-lang,Seanpm2001-Vala-lang,organization(ownedbyseanpm2001)
@Seanpm2001-Valve,Seanpm2001-Valve,organization(ownedbyseanpm2001)
@Seanpm2001-Verilog-AMS-lang,Seanpm2001-Verilog-AMS-lang,organization(ownedbyseanpm2001)
@Seanpm2001-Verilog-lang,Seanpm2001-Verilog-lang,organization(ownedbyseanpm2001)
@Seanpm2001-VimScript-lang,Seanpm2001-VimScript-lang,organization(ownedbyseanpm2001)
@Seanpm2001-VisualBasicDotNet-lang,Seanpm2001-VisualBasicDotNet-lang,organization(ownedbyseanpm2001)
@Seanpm2001-VisualBasicScript-lang,Seanpm2001-VisualBasicScript-lang,organization(ownedbyseanpm2001)
@Seanpm2001-VoiceGod,Seanpm2001-VoiceGod,organization(ownedbyseanpm2001)
@Seanpm2001-VoiceSoftware,Seanpm2001-VoiceSoftware,organization(ownedbyseanpm2001)
@Seanpm2001-Vue-js-lang,Seanpm2001-Vue-js-lang,organization(ownedbyseanpm2001)
@Seanpm2001-Weather,Seanpm2001-Weather,organization(ownedbyseanpm2001)
@Seanpm2001-WebAssembly-lang,Seanpm2001-WebAssembly-lang,organization(ownedbyseanpm2001)
@Seanpm2001-WebVTT-lang,Seanpm2001-WebVTT-lang,organization(ownedbyseanpm2001)
@Seanpm2001-Windows,Seanpm2001-Windows,organization(ownedbyseanpm2001)
@Seanpm2001-XML-lang,Seanpm2001-XML-lang,organization(ownedbyseanpm2001)
@Seanpm2001-XSLT-lang,Seanpm2001-XSLT-lang,organization(ownedbyseanpm2001)
@Seanpm2001-YAML-lang,Seanpm2001-YAML-lang,organization(ownedbyseanpm2001)
@Seanpm2001-Yacc-lang,Seanpm2001-Yacc-lang,organization(ownedbyseanpm2001)
@Seanpm2001-YouTube,Seanpm2001-YouTube,organization(ownedbyseanpm2001)
@Seanpm2001-ZenScript-lang,Seanpm2001-ZenScript-lang,organization(ownedbyseanpm2001)
@Seanpm2001-Zoology,Seanpm2001-Zoology,organization(ownedbyseanpm2001)
@Seanpm2001-articles,Seanpm2001-articles,organization(ownedbyseanpm2001)
@Seanpm2001-audio,Seanpm2001-audio,organization(ownedbyseanpm2001)
@Seanpm2001-calculator,Seanpm2001-calculator,organization(ownedbyseanpm2001)
@Seanpm2001-discussions,Seanpm2001-discussions,organization(ownedbyseanpm2001)
@Seanpm2001-documents,Seanpm2001-documents,organization(ownedbyseanpm2001)
@Seanpm2001-education,Seanpm2001-education,organization(ownedbyseanpm2001)
@Seanpm2001-food,Seanpm2001-food,organization(ownedbyseanpm2001)
@Seanpm2001-forkbombs,Seanpm2001-forkbombs,organization(ownedbyseanpm2001)
@Seanpm2001-gaming,Seanpm2001-gaming,organization(ownedbyseanpm2001)
@Seanpm2001-iOS,Seanpm2001-iOS,organization(ownedbyseanpm2001)
@Seanpm2001-languages,Seanpm2001-languages,organization(ownedbyseanpm2001)
@Seanpm2001-maps,Seanpm2001-maps,organization(ownedbyseanpm2001)
@Seanpm2001-mhgames,Seanpm2001-mhgames,organization(ownedbyseanpm2001)
@Seanpm2001-personal,Seanpm2001-personal,organization(ownedbyseanpm2001)
@Seanpm2001-privacy,Seanpm2001-privacy,organization(ownedbyseanpm2001)
@Seanpm2001-reddit,Seanpm2001-reddit,organization(ownedbyseanpm2001)
@Seanpm2001-research,Seanpm2001-research,organization(ownedbyseanpm2001)
@Seanpm2001-support,Seanpm2001-support,organization(ownedbyseanpm2001)
@Seanpm2001-tech-support,Seanpm2001-tech-support,organization(ownedbyseanpm2001)
@Seanpm2001-templates,Seanpm2001-templates,organization(ownedbyseanpm2001)
@Seanpm2001-video,Seanpm2001-video,organization(ownedbyseanpm2001)
@Seanpm2001-virtual-machines,Seanpm2001-virtual-machines,organization(ownedbyseanpm2001)
@Seanpm2001-web,Seanpm2001-web,organization(ownedbyseanpm2001)
@Seanpm2001DotOrg,Seanpm2001DotOrg,organization(ownedbyseanpm2001)
@Seanwallawalla-Organization,Seanwallawalla-Organization,organization(ownedbyseanpm2001)
@Seanwallawalla-health,Seanwallawalla-health,organization(ownedbyseanpm2001)
@Seanwallawalla-trm,Seanwallawalla-trm,organization(ownedbyseanpm2001)
@Self-Care-Bot,Self-Care-Bot,organization(ownedbyseanpm2001)
@SimZonns,SimZonns,organization(ownedbyseanpm2001)
@Skeuowie,Skeuowie,organization(ownedbyseanpm2001)
@Slaveworks,Slaveworks,organization(ownedbyseanpm2001)
@Slick-license-manager,Slick-license-manager,organization(ownedbyseanpm2001)
@Snail-bob-maker,Snail-bob-maker,organization(ownedbyseanpm2001)
@Snapshot-Version-Control-System,Snapshot-Version-Control-System,organization(ownedbyseanpm2001)
@SociaShame,SociaShame,organization(ownedbyseanpm2001)
@SourceBase-dev,SourceBase-dev,organization(ownedbyseanpm2001)
@StartFsck,StartFsck,organization(ownedbyseanpm2001)
@SuperPower-laptops,SuperPower-laptops,organization(ownedbyseanpm2001)
@TalkScript,TalkScript,organization(ownedbyseanpm2001)
@Talla-browser,Talla-browser,organization(ownedbyseanpm2001)
@Team8Collection,Team8Collection,organization(ownedbyseanpm2001)
@Tetris128,Tetris128,organization(ownedbyseanpm2001)
@The-Dystopian-Dictionary,The-Dystopian-Dictionary,organization(ownedbyseanpm2001)
@The-Existential-Index,The-Existential-Index,organization(ownedbyseanpm2001)
@The-Pirates-Copy,The-Pirates-Copy,organization(ownedbyseanpm2001)
@The-WallaWalla-Anime,The-WallaWalla-Anime,organization(ownedbyseanpm2001)
@The-offline-experience,The-offline-experience,organization(ownedbyseanpm2001)
@Timeout-toolkit,Timeout-toolkit,organization(ownedbyseanpm2001)
@TouchPetsDogs2Rewritten,TouchPetsDogs2Rewritten,organization(ownedbyseanpm2001)
@TrueEEG,TrueEEG,organization(ownedbyseanpm2001)
@TrueTorrent,TrueTorrent,organization(ownedbyseanpm2001)
@Turkey-Stories,Turkey-Stories,organization(ownedbyseanpm2001)
@TuxBot-operating-system,TuxBot-operating-system,organization(ownedbyseanpm2001)
@UI-Tour-Guide,UI-Tour-Guide,organization(ownedbyseanpm2001)
@URLL-Specification,URLL-Specification,organization(ownedbyseanpm2001)
@UShortcut-pro,UShortcut-pro,organization(ownedbyseanpm2001)
@Ucuntu,Ucuntu,organization(ownedbyseanpm2001)
@UltimateCalculator,UltimateCalculator,organization(ownedbyseanpm2001)
@Ultra-image-studio,Ultra-image-studio,organization(ownedbyseanpm2001)
@UltraCompass,UltraCompass,organization(ownedbyseanpm2001)
@UltraSwitch,UltraSwitch,organization(ownedbyseanpm2001)
@UltraSwitch-dev,UltraSwitch-dev,organization(ownedbyseanpm2001)
@Underune-maker,Underune-maker,organization(ownedbyseanpm2001)
@UnitedAutismRights,UnitedAutismRights,organization(ownedbyseanpm2001)
@V-Reshot,V-Reshot,organization(ownedbyseanpm2001)
@VOI-Manor,VOI-Manor,organization(ownedbyseanpm2001)
@Virg-io-dev,Virg-io-dev,organization(ownedbyseanpm2001)
@Virtual-VHS,Virtual-VHS,organization(ownedbyseanpm2001)
@VirtualHome-dev,VirtualHome-dev,organization(ownedbyseanpm2001)
@VoiceGod,VoiceGod,organization(ownedbyseanpm2001)
@WacOS-Dev,WacOS-Dev,organization(ownedbyseanpm2001)
@WinFsck,WinFsck,organization(ownedbyseanpm2001)
@YKDefender,YKDefender,organization(ownedbyseanpm2001)
@Year-of-the-Linux-desktop,Year-of-the-Linux-desktop,organization(ownedbyseanpm2001)
@iBlast-Game,iBlast-Game,organization(ownedbyseanpm2001)
@seanpm2001-GNOME,seanpm2001-GNOME,organization(ownedbyseanpm2001)
@seanpm2001-Popcapgames,seanpm2001-Popcapgames,organization(ownedbyseanpm2001)
@seanpm2001-R-lang,seanpm2001-R-lang,organization(ownedbyseanpm2001)
@seanpm2001-all,seanpm2001-all,organization(ownedbyseanpm2001)
@seanpm2001-datapacks,seanpm2001-datapacks,organization(ownedbyseanpm2001)
@seanpm2001-libraries,seanpm2001-libraries,organization(ownedbyseanpm2001)
@seanpm2001-lifearchive,seanpm2001-lifearchive,organization(ownedbyseanpm2001)
@seanpm2001-lifearchive-extras,seanpm2001-lifearchive-extras,organization(ownedbyseanpm2001)
@seanpm2001-nostalgia,seanpm2001-nostalgia,organization(ownedbyseanpm2001)
@seanpm2001-psychology,seanpm2001-psychology,organization(ownedbyseanpm2001)
@seanpm2001-software,seanpm2001-software,organization(ownedbyseanpm2001)
@seanpm2001-themes,seanpm2001-themes,organization(ownedbyseanpm2001)
@seanwallawalla-audio,seanwallawalla-audio,organization(ownedbyseanpm2001)
@seanwallawalla-bots,seanwallawalla-bots,organization(ownedbyseanpm2001)
@seanwallawalla-browserextensions,seanwallawalla-browserextensions,organization(ownedbyseanpm2001)
@seanwallawalla-forks,seanwallawalla-forks,organization(ownedbyseanpm2001)
@seanwallawalla-gaming,seanwallawalla-gaming,organization(ownedbyseanpm2001)
@seanwallawalla-images,seanwallawalla-images,organization(ownedbyseanpm2001)
@seanwallawalla-jokeprograms,seanwallawalla-jokeprograms,organization(ownedbyseanpm2001)
@seanwallawalla-malware,seanwallawalla-malware,organization(ownedbyseanpm2001)
@seanwallawalla-operating-systems,seanwallawalla-operating-systems,organization(ownedbyseanpm2001)
@seanwallawalla-security,seanwallawalla-security,organization(ownedbyseanpm2001)
@seanwallawalla-social,seanwallawalla-social,organization(ownedbyseanpm2001)
@seanwallawalla-software,seanwallawalla-software,organization(ownedbyseanpm2001)
@seanwallawalla-testing,seanwallawalla-testing,organization(ownedbyseanpm2001)
@seanwallawalla-tools,seanwallawalla-tools,organization(ownedbyseanpm2001)
@snu-development,snu-development,organization(ownedbyseanpm2001)
@uDonate,uDonate,organization(ownedbyseanpm2001)
@uOffice,uOffice,organization(ownedbyseanpm2001)
